"metric","kind","llm","variant","method","code","count","avg_ms","median_ms","p95_ms","avg_bytes","median_bytes","p95_bytes"
"service_responsiveness_rate","overview","claude","c",,,"120","1200",,,"10",,
"coverage","overview","claude","c",,,"10",,,,"10","515","11"
"endpoint_err_rate_core","endpoint","claude","c",,"ERR","217","11.7297297297297",,,,,
"endpoint_err_rate_all","endpoint","claude","c",,"ERR","1142","41.1531531531532",,,,,
"err_breakdown","endpoint","claude","c",,"timeout","16",,,,,,
"err_breakdown","endpoint","claude","c",,"other","1126",,,,,,
"service_responsiveness_rate","overview","claude","v",,,"124","1240",,,"10",,
"coverage","overview","claude","v",,,"10",,,,"10","517","21"
"endpoint_err_rate_core","endpoint","claude","v",,"ERR","250","9.95222929936306",,,,,
"endpoint_err_rate_all","endpoint","claude","v",,"ERR","1506","39.968152866242",,,,,
"err_breakdown","endpoint","claude","v",,"timeout","26",,,,,,
"err_breakdown","endpoint","claude","v",,"other","1480",,,,,,
"service_responsiveness_rate","overview","deepseek","t",,,"114","1140",,,"10",,
"coverage","overview","deepseek","t",,,"10",,,,"10","397","13"
"endpoint_err_rate_core","endpoint","deepseek","t",,"ERR","234","14.828897338403",,,,,
"endpoint_err_rate_all","endpoint","deepseek","t",,"ERR","1023","43.2192648922687",,,,,
"err_breakdown","endpoint","deepseek","t",,"timeout","24",,,,,,
"err_breakdown","endpoint","deepseek","t",,"other","999",,,,,,
"service_responsiveness_rate","overview","gpt","t",,,"112","1120",,,"10",,
"coverage","overview","gpt","t",,,"10",,,,"10","473","23"
"endpoint_err_rate_core","endpoint","gpt","t",,"ERR","360","16.1870503597122",,,,,
"endpoint_err_rate_all","endpoint","gpt","t",,"ERR","1472","44.1247002398082",,,,,
"err_breakdown","endpoint","gpt","t",,"timeout","10",,,,,,
"err_breakdown","endpoint","gpt","t",,"other","1462",,,,,,
"service_responsiveness_rate","overview","gemini","t",,,"118","1180",,,"10",,
"coverage","overview","gemini","t",,,"10",,,,"10","420","10"
"endpoint_err_rate_core","endpoint","gemini","t",,"ERR","210","14.0939597315436",,,,,
"endpoint_err_rate_all","endpoint","gemini","t",,"ERR","955","42.7293064876958",,,,,
"err_breakdown","endpoint","gemini","t",,"timeout","28",,,,,,
"err_breakdown","endpoint","gemini","t",,"other","927",,,,,,
"service_responsiveness_rate","overview","gpt","c",,,"124","1240",,,"10",,
"coverage","overview","gpt","c",,,"10",,,,"10","527","19"
"endpoint_err_rate_core","endpoint","gpt","c",,"ERR","118","6.0388945752303",,,,,
"endpoint_err_rate_all","endpoint","gpt","c",,"ERR","1095","37.3592630501535",,,,,
"err_breakdown","endpoint","gpt","c",,"timeout","10",,,,,,
"err_breakdown","endpoint","gpt","c",,"other","1085",,,,,,
"service_responsiveness_rate","overview","mistral","c",,,"111","1110",,,"10",,
"coverage","overview","mistral","c",,,"10",,,,"10","508","10"
"endpoint_err_rate_core","endpoint","mistral","c",,"ERR","319","18.8981042654028",,,,,
"endpoint_err_rate_all","endpoint","mistral","c",,"ERR","1163","45.9320695102686",,,,,
"err_breakdown","endpoint","mistral","c",,"timeout","12",,,,,,
"err_breakdown","endpoint","mistral","c",,"other","1151",,,,,,
"service_responsiveness_rate","overview","gpt","v",,,"125","1250",,,"10",,
"coverage","overview","gpt","v",,,"10",,,,"10","473","23"
"endpoint_err_rate_core","endpoint","gpt","v",,"ERR","287","11.5168539325843",,,,,
"endpoint_err_rate_all","endpoint","gpt","v",,"ERR","1533","41.0112359550562",,,,,
"err_breakdown","endpoint","gpt","v",,"timeout","9",,,,,,
"err_breakdown","endpoint","gpt","v",,"other","1524",,,,,,
"service_responsiveness_rate","overview","claude","t",,,"117","1170",,,"10",,
"coverage","overview","claude","t",,,"10",,,,"10","482","19"
"endpoint_err_rate_core","endpoint","claude","t",,"ERR","337","13.9026402640264",,,,,
"endpoint_err_rate_all","endpoint","claude","t",,"ERR","1549","42.6017601760176",,,,,
"err_breakdown","endpoint","claude","t",,"timeout","14",,,,,,
"err_breakdown","endpoint","claude","t",,"other","1535",,,,,,
"service_responsiveness_rate","overview","deepseek","v",,,"123","1230",,,"10",,
"coverage","overview","deepseek","v",,,"10",,,,"10","444","13"
"endpoint_err_rate_core","endpoint","deepseek","v",,"ERR","372","16.5775401069519",,,,,
"endpoint_err_rate_all","endpoint","deepseek","v",,"ERR","1494","44.3850267379679",,,,,
"err_breakdown","endpoint","deepseek","v",,"timeout","44",,,,,,
"err_breakdown","endpoint","deepseek","v",,"tls","10",,,,,,
"err_breakdown","endpoint","deepseek","v",,"other","1440",,,,,,
"service_responsiveness_rate","overview","deepseek","c",,,"124","1240",,,"10",,
"coverage","overview","deepseek","c",,,"10",,,,"10","427","10"
"endpoint_err_rate_core","endpoint","deepseek","c",,"ERR","162","10.4247104247104",,,,,
"endpoint_err_rate_all","endpoint","deepseek","c",,"ERR","939","40.2831402831403",,,,,
"err_breakdown","endpoint","deepseek","c",,"timeout","36",,,,,,
"err_breakdown","endpoint","deepseek","c",,"tls","8",,,,,,
"err_breakdown","endpoint","deepseek","c",,"other","895",,,,,,
"service_responsiveness_rate","overview","mistral","v",,,"125","1250",,,"10",,
"coverage","overview","mistral","v",,,"10",,,,"10","504","10"
"endpoint_err_rate_core","endpoint","mistral","v",,"ERR","355","17.2162948593598",,,,,
"endpoint_err_rate_all","endpoint","mistral","v",,"ERR","1386","44.8108632395732",,,,,
"err_breakdown","endpoint","mistral","v",,"timeout","34",,,,,,
"err_breakdown","endpoint","mistral","v",,"tls","20",,,,,,
"err_breakdown","endpoint","mistral","v",,"other","1332",,,,,,
"service_responsiveness_rate","overview","gemini","v",,,"123","1230",,,"10",,
"coverage","overview","gemini","v",,,"10",,,,"10","460","10"
"endpoint_err_rate_core","endpoint","gemini","v",,"ERR","367","18.6673448626653",,,,,
"endpoint_err_rate_all","endpoint","gemini","v",,"ERR","1350","45.7782299084435",,,,,
"err_breakdown","endpoint","gemini","v",,"timeout","14",,,,,,
"err_breakdown","endpoint","gemini","v",,"other","1336",,,,,,
"service_responsiveness_rate","overview","mistral","t",,,"116","1160",,,"10",,
"coverage","overview","mistral","t",,,"10",,,,"10","551","10"
"endpoint_err_rate_core","endpoint","mistral","t",,"ERR","318","15.9638554216867",,,,,
"endpoint_err_rate_all","endpoint","mistral","t",,"ERR","1314","43.9759036144578",,,,,
"err_breakdown","endpoint","mistral","t",,"timeout","44",,,,,,
"err_breakdown","endpoint","mistral","t",,"tls","28",,,,,,
"err_breakdown","endpoint","mistral","t",,"other","1242",,,,,,
"service_responsiveness_rate","overview","gemini","c",,,"107","1070",,,"10",,
"coverage","overview","gemini","c",,,"10",,,,"10","456","10"
"endpoint_err_rate_core","endpoint","gemini","c",,"ERR","248","15.327564894932",,,,,
"endpoint_err_rate_all","endpoint","gemini","c",,"ERR","1057","43.5517099299547",,,,,
"err_breakdown","endpoint","gemini","c",,"timeout","148",,,,,,
"err_breakdown","endpoint","gemini","c",,"other","909",,,,,,
"doc_size","docs","gpt","t",,,"525",,,,"650393","130400","4547526"
"doc_size","docs","claude","c",,,"585",,,,"868085","150826","4970092"
"doc_size","docs","deepseek","t",,,"496",,,,"564931","71063","4853413"
"doc_size","docs","claude","v",,,"587",,,,"814240","188064","5345795"
"doc_size","docs","gemini","t",,,"492",,,,"869088","265053","5345795"
"doc_size","docs","gpt","c",,,"596",,,,"674524","133390","4853421"
"doc_size","docs","mistral","c",,,"554",,,,"679452","172761","4828758"
"doc_size","docs","gpt","v",,,"563",,,,"659078","138397","3802068"
"doc_size","docs","claude","t",,,"567",,,,"873673","178470","5689028"
"doc_size","docs","deepseek","v",,,"530",,,,"648356","87679","4970088"
"doc_size","docs","deepseek","c",,,"537",,,,"497589","71063","2212327"
"doc_size","docs","mistral","v",,,"550",,,,"458067","155779","1872081"
"doc_size","docs","gemini","v",,,"554",,,,"562147","101847","4508293"
"doc_size","docs","mistral","t",,,"591",,,,"396805","155779","1417573"
"doc_size","docs","gemini","c",,,"516",,,,"596453","264795","2861095"
"http_status_count","docs","claude","v",,"404","52",,,,,,
"http_status_count","docs","gpt","v",,"422","6",,,,,,
"http_status_count","docs","claude","t",,"308","37",,,,,,
"http_status_count","docs","claude","v",,"401","11",,,,,,
"http_status_count","docs","gemini","c",,"200","456",,,,,,
"http_status_count","docs","gemini","c",,"ERR","59",,,,,,
"http_status_count","docs","deepseek","t",,"308","51",,,,,,
"http_status_count","docs","mistral","v",,"200","504",,,,,,
"http_status_count","docs","deepseek","v",,"308","64",,,,,,
"http_status_count","docs","gpt","v",,"308","46",,,,,,
"http_status_count","docs","claude","v",,"ERR","40",,,,,,
"http_status_count","docs","claude","t",,"ERR","47",,,,,,
"http_status_count","docs","deepseek","c",,"200","427",,,,,,
"http_status_count","docs","gemini","t",,"404","56",,,,,,
"http_status_count","docs","mistral","t",,"405","3",,,,,,
"http_status_count","docs","deepseek","v",,"404","75",,,,,,
"http_status_count","docs","gpt","t",,"ERR","91",,,,,,
"http_status_count","docs","claude","c",,"503","2",,,,,,
"http_status_count","docs","deepseek","c",,"404","70",,,,,,
"http_status_count","docs","mistral","t",,"404","22",,,,,,
"http_status_count","docs","mistral","c",,"200","508",,,,,,
"http_status_count","docs","claude","c",,"403","10",,,,,,
"http_status_count","docs","claude","c",,"404","49",,,,,,
"http_status_count","docs","claude","t",,"200","482",,,,,,
"http_status_count","docs","gemini","v",,"403","19",,,,,,
"http_status_count","docs","mistral","v",,"429","2",,,,,,
"http_status_count","docs","gemini","t",,"308","37",,,,,,
"http_status_count","docs","gpt","c",,"ERR","67",,,,,,
"http_status_count","docs","gemini","t",,"200","420",,,,,,
"http_status_count","docs","mistral","t",,"ERR","30",,,,,,
"http_status_count","docs","mistral","v",,"308","26",,,,,,
"http_status_count","docs","gemini","v",,"200","460",,,,,,
"http_status_count","docs","mistral","c",,"308","25",,,,,,
"http_status_count","docs","gemini","v",,"308","35",,,,,,
"http_status_count","docs","claude","v",,"301","2",,,,,,
"http_status_count","docs","gpt","v",,"404","65",,,,,,
"http_status_count","docs","deepseek","t",,"200","397",,,,,,
"http_status_count","docs","mistral","c",,"ERR","39",,,,,,
"http_status_count","docs","gpt","t",,"404","52",,,,,,
"http_status_count","docs","gpt","c",,"308","46",,,,,,
"http_status_count","docs","gemini","v",,"ERR","76",,,,,,
"http_status_count","docs","mistral","t",,"403","20",,,,,,
"http_status_count","docs","deepseek","v",,"200","444",,,,,,
"http_status_count","docs","gpt","v",,"ERR","59",,,,,,
"http_status_count","docs","gemini","c",,"403","7",,,,,,
"http_status_count","docs","gemini","c",,"308","48",,,,,,
"http_status_count","docs","claude","v",,"200","517",,,,,,
"http_status_count","docs","claude","v",,"403","12",,,,,,
"http_status_count","docs","claude","t",,"403","11",,,,,,
"http_status_count","docs","deepseek","v",,"403","21",,,,,,
"http_status_count","docs","claude","c",,"200","515",,,,,,
"http_status_count","docs","deepseek","t",,"403","39",,,,,,
"http_status_count","docs","gpt","v",,"200","473",,,,,,
"http_status_count","docs","claude","v",,"308","36",,,,,,
"http_status_count","docs","mistral","t",,"308","14",,,,,,
"http_status_count","docs","gpt","t",,"200","473",,,,,,
"http_status_count","docs","mistral","v",,"403","13",,,,,,
"http_status_count","docs","mistral","v",,"404","63",,,,,,
"http_status_count","docs","deepseek","v",,"401","2",,,,,,
"http_status_count","docs","gpt","c",,"200","527",,,,,,
"http_status_count","docs","deepseek","c",,"308","51",,,,,,
"http_status_count","docs","mistral","v",,"ERR","54",,,,,,
"http_status_count","docs","mistral","c",,"404","51",,,,,,
"http_status_count","docs","deepseek","t",,"ERR","63",,,,,,
"http_status_count","docs","mistral","t",,"400","1",,,,,,
"http_status_count","docs","gpt","t",,"308","31",,,,,,
"http_status_count","docs","claude","c",,"ERR","38",,,,,,
"http_status_count","docs","gemini","c",,"422","5",,,,,,
"http_status_count","docs","gpt","c",,"403","13",,,,,,
"http_status_count","docs","gemini","v",,"404","79",,,,,,
"http_status_count","docs","deepseek","t",,"404","72",,,,,,
"http_status_count","docs","claude","c",,"308","37",,,,,,
"http_status_count","docs","mistral","c",,"429","1",,,,,,
"http_status_count","docs","gemini","c",,"404","56",,,,,,
"http_status_count","docs","deepseek","v",,"ERR","60",,,,,,
"http_status_count","docs","claude","t",,"401","4",,,,,,
"http_status_count","docs","mistral","c",,"403","10",,,,,,
"http_status_count","docs","claude","t",,"404","67",,,,,,
"http_status_count","docs","gpt","c",,"404","41",,,,,,
"http_status_count","docs","gemini","t",,"403","23",,,,,,
"http_status_count","docs","deepseek","c",,"403","33",,,,,,
"http_status_count","docs","gpt","t",,"403","14",,,,,,
"http_status_count","docs","gemini","t",,"ERR","81",,,,,,
"http_status_count","docs","mistral","t",,"429","2",,,,,,
"http_status_count","docs","mistral","t",,"200","551",,,,,,
"http_status_count","docs","deepseek","c",,"ERR","47",,,,,,
"http_status_count","docs","gpt","v",,"403","32",,,,,,
"latency_perprobe","endpoint","mistral","v","HEAD","400","23","111","107","245",,,
"latency_perprobe","endpoint","deepseek","v","HEAD","503","1","563","563","563",,,
"latency_perprobe","endpoint","gpt","t","HEAD","500","18","192","209","407",,,
"latency_perprobe","endpoint","deepseek","c","GET","405","54","136","161","194",,,
"latency_perprobe","endpoint","gemini","t","HEAD","429","4","34","28","41",,,
"latency_perprobe","endpoint","gpt","v","HEAD","200","73","304","219","1398",,,
"latency_perprobe","endpoint","deepseek","t","GET","ERR","117","1541","1","15012",,,
"latency_perprobe","endpoint","claude","v","GET","401","528","120","100","286",,,
"latency_perprobe","endpoint","gpt","v","GET","302","10","646","631","723",,,
"latency_perprobe","endpoint","deepseek","t","HEAD","401","199","240","159","707",,,
"latency_perprobe","endpoint","deepseek","c","GET","308","4","80","77","94",,,
"latency_perprobe","endpoint","gemini","v","GET","401","346","119","104","226",,,
"latency_perprobe","endpoint","claude","t","HEAD","401","372","175","167","502",,,
"latency_perprobe","endpoint","mistral","v","HEAD","401","176","147","93","470",,,
"latency_perprobe","endpoint","mistral","v","GET","503","10","102","65","225",,,
"latency_perprobe","endpoint","gpt","c","GET","405","32","153","89","175",,,
"latency_perprobe","endpoint","mistral","c","GET","400","40","204","184","510",,,
"latency_perprobe","endpoint","gemini","c","GET","401","349","129","103","273",,,
"latency_perprobe","endpoint","gpt","v","GET","401","533","136","115","288",,,
"latency_perprobe","endpoint","gemini","v","GET","415","6","63","54","103",,,
"latency_perprobe","endpoint","gpt","t","GET","403","51","279","251","549",,,
"latency_perprobe","endpoint","claude","c","HEAD","596","2","620","612","627",,,
"latency_perprobe","endpoint","gpt","c","HEAD","403","50","404","372","797",,,
"latency_perprobe","endpoint","claude","t","GET","401","551","132","106","296",,,
"latency_perprobe","endpoint","mistral","t","GET","404","285","130","109","292",,,
"latency_perprobe","endpoint","gpt","t","GET","500","2","202","199","204",,,
"latency_perprobe","endpoint","deepseek","c","HEAD","406","8","1857","1154","7702",,,
"latency_perprobe","endpoint","gemini","c","GET","403","17","283","305","484",,,
"latency_perprobe","endpoint","deepseek","v","HEAD","406","32","280","270","407",,,
"latency_perprobe","endpoint","gpt","v","HEAD","401","378","178","134","542",,,
"latency_perprobe","endpoint","gpt","c","GET","ERR","59","1273","1","15010",,,
"latency_perprobe","endpoint","claude","v","HEAD","500","6","47","40","92",,,
"latency_perprobe","endpoint","deepseek","t","HEAD","406","16","271","269","296",,,
"latency_perprobe","endpoint","mistral","t","HEAD","429","24","267","371","435",,,
"latency_perprobe","endpoint","claude","c","HEAD","503","8","199","199","220",,,
"latency_perprobe","endpoint","mistral","v","HEAD","500","13","59","54","83",,,
"latency_perprobe","endpoint","deepseek","v","GET","400","51","162","173","308",,,
"latency_perprobe","endpoint","claude","c","GET","405","31","118","102","217",,,
"latency_perprobe","endpoint","gpt","c","HEAD","400","10","241","138","789",,,
"latency_perprobe","endpoint","claude","v","HEAD","302","4","624","616","659",,,
"latency_perprobe","endpoint","gpt","t","HEAD","400","45","222","118","613",,,
"latency_perprobe","endpoint","gpt","c","GET","200","58","382","111","1546",,,
"latency_perprobe","endpoint","gemini","v","HEAD","415","6","54","49","97",,,
"latency_perprobe","endpoint","deepseek","v","HEAD","ERR","186","1712","1","15010",,,
"latency_perprobe","endpoint","mistral","v","HEAD","302","22","679","651","733",,,
"latency_perprobe","endpoint","gemini","c","HEAD","400","9","93","68","193",,,
"latency_perprobe","endpoint","deepseek","v","HEAD","405","105","113","90","262",,,
"latency_perprobe","endpoint","claude","c","HEAD","ERR","107","1139","1","15007",,,
"latency_perprobe","endpoint","gemini","v","HEAD","503","3","342","245","570",,,
"latency_perprobe","endpoint","mistral","c","GET","500","13","110","89","258",,,
"latency_perprobe","endpoint","mistral","t","HEAD","500","13","582","61","6781",,,
"latency_perprobe","endpoint","gpt","v","HEAD","400","49","211","113","587",,,
"latency_perprobe","endpoint","deepseek","v","HEAD","308","4","51","32","82",,,
"latency_perprobe","endpoint","claude","t","GET","405","34","101","94","211",,,
"latency_perprobe","endpoint","mistral","t","GET","200","74","214","259","500",,,
"latency_perprobe","endpoint","deepseek","t","GET","401","322","138","104","314",,,
"latency_perprobe","endpoint","deepseek","v","GET","200","74","141","91","312",,,
"latency_perprobe","endpoint","mistral","v","OPTIONS","ERR","1031","0","0","1",,,
"latency_perprobe","endpoint","deepseek","t","HEAD","500","4","46","40","65",,,
"latency_perprobe","endpoint","gemini","t","HEAD","ERR","105","2021","1","15051",,,
"latency_perprobe","endpoint","claude","v","HEAD","401","344","163","99","388",,,
"latency_perprobe","endpoint","gemini","v","HEAD","ERR","182","566","1","147",,,
"latency_perprobe","endpoint","gpt","t","HEAD","401","327","163","142","411",,,
"latency_perprobe","endpoint","gemini","c","HEAD","500","8","287","248","516",,,
"latency_perprobe","endpoint","gpt","c","HEAD","429","9","41","42","54",,,
"latency_perprobe","endpoint","mistral","v","HEAD","200","43","262","124","608",,,
"latency_perprobe","endpoint","claude","c","HEAD","403","37","274","263","480",,,
"latency_perprobe","endpoint","deepseek","t","GET","429","15","37","37","44",,,
"latency_perprobe","endpoint","gpt","c","HEAD","500","2","208","207","209",,,
"latency_perprobe","endpoint","mistral","c","HEAD","404","227","197","120","483",,,
"latency_perprobe","endpoint","claude","c","GET","200","97","253","96","516",,,
"latency_perprobe","endpoint","mistral","t","HEAD","422","5","197","164","257",,,
"latency_perprobe","endpoint","claude","v","GET","404","304","117","98","274",,,
"latency_perprobe","endpoint","deepseek","c","HEAD","400","34","371","469","737",,,
"latency_perprobe","endpoint","mistral","v","GET","404","341","139","103","311",,,
"latency_perprobe","endpoint","deepseek","v","GET","404","252","129","101","278",,,
"latency_perprobe","endpoint","gemini","c","HEAD","ERR","124","8926","15008","15084",,,
"latency_perprobe","endpoint","gemini","v","HEAD","403","79","296","249","860",,,
"latency_perprobe","endpoint","gpt","t","GET","405","54","106","80","294",,,
"latency_perprobe","endpoint","deepseek","c","GET","ERR","81","3226","1","15021",,,
"latency_perprobe","endpoint","mistral","v","GET","308","4","78","71","94",,,
"latency_perprobe","endpoint","deepseek","c","HEAD","302","4","679","607","873",,,
"latency_perprobe","endpoint","mistral","t","HEAD","401","193","204","103","1145",,,
"latency_perprobe","endpoint","claude","v","HEAD","400","10","129","71","314",,,
"latency_perprobe","endpoint","gpt","v","HEAD","500","2","206","199","212",,,
"latency_perprobe","endpoint","claude","t","HEAD","200","55","151","92","587",,,
"latency_perprobe","endpoint","mistral","c","HEAD","403","32","218","214","323",,,
"latency_perprobe","endpoint","claude","t","OPTIONS","ERR","1212","1","0","1",,,
"latency_perprobe","endpoint","deepseek","t","HEAD","400","21","116","95","188",,,
"latency_perprobe","endpoint","mistral","v","HEAD","403","82","246","223","434",,,
"latency_perprobe","endpoint","claude","v","HEAD","ERR","124","1551","1","15022",,,
"latency_perprobe","endpoint","mistral","v","GET","302","22","648","638","725",,,
"latency_perprobe","endpoint","gemini","t","GET","403","16","208","171","659",,,
"latency_perprobe","endpoint","gpt","v","GET","403","65","320","301","688",,,
"latency_perprobe","endpoint","gpt","t","GET","429","27","39","33","66",,,
"latency_perprobe","endpoint","deepseek","c","HEAD","308","4","60","31","110",,,
"latency_perprobe","endpoint","gpt","c","HEAD","200","53","446","308","1329",,,
"latency_perprobe","endpoint","mistral","t","HEAD","405","55","183","100","431",,,
"latency_perprobe","endpoint","claude","t","HEAD","ERR","167","660","1","204",,,
"latency_perprobe","endpoint","gpt","t","HEAD","429","9","39","37","53",,,
"latency_perprobe","endpoint","deepseek","v","GET","429","26","40","38","55",,,
"latency_perprobe","endpoint","gpt","v","HEAD","403","82","349","274","854",,,
"latency_perprobe","endpoint","gemini","c","GET","200","71","195","98","728",,,
"latency_perprobe","endpoint","deepseek","v","HEAD","404","317","140","105","342",,,
"latency_perprobe","endpoint","gpt","t","HEAD","302","4","596","590","613",,,
"latency_perprobe","endpoint","mistral","t","GET","ERR","172","1903","2","15007",,,
"latency_perprobe","endpoint","claude","t","HEAD","405","135","152","94","720",,,
"latency_perprobe","endpoint","gpt","c","GET","401","492","138","114","287",,,
"latency_perprobe","endpoint","claude","c","HEAD","302","4","617","598","650",,,
"latency_perprobe","endpoint","gemini","c","OPTIONS","ERR","809","1","1","1",,,
"latency_perprobe","endpoint","gemini","v","GET","400","33","122","95","227",,,
"latency_perprobe","endpoint","gemini","v","HEAD","429","12","36","33","70",,,
"latency_perprobe","endpoint","gemini","c","HEAD","401","270","236","161","685",,,
"latency_perprobe","endpoint","gemini","t","HEAD","400","4","82","39","196",,,
"latency_perprobe","endpoint","mistral","c","OPTIONS","ERR","844","1","1","1",,,
"latency_perprobe","endpoint","deepseek","t","GET","502","3","110","99","134",,,
"latency_perprobe","endpoint","mistral","t","HEAD","302","10","646","648","722",,,
"latency_perprobe","endpoint","claude","t","HEAD","429","18","34","33","48",,,
"latency_perprobe","endpoint","claude","t","HEAD","404","358","180","118","462",,,
"latency_perprobe","endpoint","mistral","v","HEAD","503","10","97","65","219",,,
"latency_perprobe","endpoint","claude","c","GET","ERR","110","1101","1","15011",,,
"latency_perprobe","endpoint","mistral","t","GET","500","13","75","61","154",,,
"latency_perprobe","endpoint","gemini","v","GET","200","89","215","110","625",,,
"latency_perprobe","endpoint","claude","c","GET","404","220","110","96","222",,,
"latency_perprobe","endpoint","claude","c","GET","503","8","198","199","225",,,
"latency_perprobe","endpoint","gemini","c","HEAD","302","5","668","639","771",,,
"latency_perprobe","endpoint","gemini","t","GET","503","1","215","215","215",,,
"latency_perprobe","endpoint","deepseek","c","GET","400","46","114","95","192",,,
"latency_perprobe","endpoint","gpt","v","GET","503","7","198","201","213",,,
"latency_perprobe","endpoint","deepseek","t","GET","403","36","324","252","692",,,
"latency_perprobe","endpoint","gemini","v","OPTIONS","ERR","983","1","0","1",,,
"latency_perprobe","endpoint","gpt","c","HEAD","ERR","59","1311","30","15096",,,
"latency_perprobe","endpoint","deepseek","v","HEAD","401","232","182","115","571",,,
"latency_perprobe","endpoint","gpt","v","GET","429","35","38","35","75",,,
"latency_perprobe","endpoint","mistral","t","GET","429","25","269","370","446",,,
"latency_perprobe","endpoint","gemini","v","GET","308","4","80","80","83",,,
"latency_perprobe","endpoint","gemini","c","GET","429","83","40","35","72",,,
"latency_perprobe","endpoint","gemini","v","GET","202","2","56","41","72",,,
"latency_perprobe","endpoint","claude","c","HEAD","401","261","209","155","501",,,
"latency_perprobe","endpoint","gpt","t","GET","ERR","182","391","1","8",,,
"latency_perprobe","endpoint","deepseek","c","OPTIONS","ERR","777","1","1","1",,,
"latency_perprobe","endpoint","gemini","t","HEAD","404","209","187","162","395",,,
"latency_perprobe","endpoint","mistral","t","HEAD","403","70","225","200","463",,,
"latency_perprobe","endpoint","gpt","c","OPTIONS","ERR","977","0","0","1",,,
"latency_perprobe","endpoint","gemini","t","HEAD","500","2","786","769","804",,,
"latency_perprobe","endpoint","claude","c","HEAD","429","5","39","38","58",,,
"latency_perprobe","endpoint","gemini","t","HEAD","401","258","207","171","485",,,
"latency_perprobe","endpoint","deepseek","t","GET","400","30","129","98","204",,,
"latency_perprobe","endpoint","mistral","c","GET","404","155","109","90","240",,,
"latency_perprobe","endpoint","gemini","v","HEAD","401","239","148","134","330",,,
"latency_perprobe","endpoint","gemini","v","HEAD","404","285","154","118","339",,,
"latency_perprobe","endpoint","gpt","c","HEAD","405","88","303","246","847",,,
"latency_perprobe","endpoint","gemini","t","HEAD","200","67","375","190","1136",,,
"latency_perprobe","endpoint","claude","c","GET","403","25","186","228","488",,,
"latency_perprobe","endpoint","mistral","t","GET","422","5","187","170","235",,,
"latency_perprobe","endpoint","mistral","t","GET","400","36","124","107","239",,,
"latency_perprobe","endpoint","mistral","c","HEAD","405","53","159","105","499",,,
"latency_perprobe","endpoint","mistral","v","GET","ERR","179","1328","1","15005",,,
"latency_perprobe","endpoint","deepseek","c","HEAD","403","49","438","309","1115",,,
"latency_perprobe","endpoint","mistral","t","OPTIONS","ERR","996","0","0","1",,,
"latency_perprobe","endpoint","deepseek","v","GET","403","62","648","239","2845",,,
"latency_perprobe","endpoint","mistral","v","GET","405","13","99","97","173",,,
"latency_perprobe","endpoint","deepseek","v","GET","405","42","123","94","208",,,
"latency_perprobe","endpoint","claude","v","GET","500","2","183","177","189",,,
"latency_perprobe","endpoint","gemini","c","HEAD","429","3","32","34","34",,,
"latency_perprobe","endpoint","gpt","c","HEAD","404","258","269","181","834",,,
"latency_perprobe","endpoint","deepseek","t","GET","404","164","122","95","280",,,
"latency_perprobe","endpoint","gpt","v","HEAD","405","95","142","103","376",,,
"latency_perprobe","endpoint","claude","t","GET","400","40","147","172","198",,,
"latency_perprobe","endpoint","gemini","v","GET","403","58","257","232","676",,,
"latency_perprobe","endpoint","deepseek","c","HEAD","ERR","81","3272","75","15011",,,
"latency_perprobe","endpoint","gpt","c","GET","403","46","267","227","565",,,
"latency_perprobe","endpoint","deepseek","t","GET","200","66","281","100","1312",,,
"latency_perprobe","endpoint","gpt","t","HEAD","ERR","178","405","1","177",,,
"latency_perprobe","endpoint","gemini","v","GET","ERR","185","548","1","310",,,
"latency_perprobe","endpoint","gemini","t","GET","400","6","71","48","196",,,
"latency_perprobe","endpoint","mistral","t","HEAD","ERR","146","2084","81","15009",,,
"latency_perprobe","endpoint","claude","t","GET","429","61","37","34","56",,,
"latency_perprobe","endpoint","gpt","t","GET","401","475","124","103","280",,,
"latency_perprobe","endpoint","gemini","v","HEAD","308","4","45","34","68",,,
"latency_perprobe","endpoint","gemini","v","HEAD","400","26","144","141","263",,,
"latency_perprobe","endpoint","claude","t","GET","403","30","239","158","546",,,
"latency_perprobe","endpoint","gemini","v","HEAD","202","2","36","33","39",,,
"latency_perprobe","endpoint","mistral","t","HEAD","404","411","260","163","915",,,
"latency_perprobe","endpoint","claude","v","HEAD","503","15","65","70","93",,,
"latency_perprobe","endpoint","deepseek","v","GET","302","31","669","671","742",,,
"latency_perprobe","endpoint","mistral","t","GET","401","320","114","97","270",,,
"latency_perprobe","endpoint","claude","v","OPTIONS","ERR","1256","0","0","1",,,
"latency_perprobe","endpoint","deepseek","v","HEAD","400","48","290","195","828",,,
"latency_perprobe","endpoint","gpt","v","HEAD","404","349","149","105","426",,,
"latency_perprobe","endpoint","gemini","t","GET","429","65","39","36","73",,,
"latency_perprobe","endpoint","gpt","v","HEAD","429","15","59","35","317",,,
"latency_perprobe","endpoint","mistral","t","HEAD","200","47","248","123","553",,,
"latency_perprobe","endpoint","deepseek","t","HEAD","403","73","246","209","670",,,
"latency_perprobe","endpoint","deepseek","v","GET","401","389","122","99","277",,,
"latency_perprobe","endpoint","deepseek","v","HEAD","500","12","96","101","138",,,
"latency_perprobe","endpoint","mistral","t","HEAD","400","22","344","310","603",,,
"latency_perprobe","endpoint","deepseek","v","HEAD","429","7","37","33","64",,,
"latency_perprobe","endpoint","deepseek","v","HEAD","302","31","817","702","1172",,,
"latency_perprobe","endpoint","deepseek","c","GET","401","281","122","100","289",,,
"latency_perprobe","endpoint","claude","v","GET","400","21","144","43","193",,,
"latency_perprobe","endpoint","deepseek","v","GET","308","4","77","69","107",,,
"latency_perprobe","endpoint","deepseek","t","GET","503","1","182","182","182",,,
"latency_perprobe","endpoint","claude","v","HEAD","405","115","103","89","317",,,
"latency_perprobe","endpoint","deepseek","t","HEAD","405","100","114","97","200",,,
"latency_perprobe","endpoint","deepseek","t","HEAD","ERR","117","1577","5","15013",,,
"latency_perprobe","endpoint","mistral","v","HEAD","308","4","48","24","89",,,
"latency_perprobe","endpoint","claude","c","GET","429","26","36","32","56",,,
"latency_perprobe","endpoint","gpt","v","GET","400","52","107","102","187",,,
"latency_perprobe","endpoint","gemini","t","GET","404","130","123","93","314",,,
"latency_perprobe","endpoint","gpt","v","HEAD","503","7","257","208","353",,,
"latency_perprobe","endpoint","gpt","v","GET","502","4","131","149","151",,,
"latency_perprobe","endpoint","gemini","c","HEAD","200","57","139","70","321",,,
"latency_perprobe","endpoint","claude","v","HEAD","403","61","265","266","476",,,
"latency_perprobe","endpoint","mistral","v","HEAD","405","73","119","88","384",,,
"latency_perprobe","endpoint","gpt","t","HEAD","200","62","188","180","501",,,
"latency_perprobe","endpoint","claude","c","HEAD","405","75","232","186","582",,,
"latency_perprobe","endpoint","claude","v","GET","ERR","126","1513","1","15008",,,
"latency_perprobe","endpoint","claude","t","HEAD","400","16","400","188","938",,,
"latency_perprobe","endpoint","deepseek","t","HEAD","200","53","157","94","567",,,
"latency_perprobe","endpoint","claude","t","GET","ERR","170","656","1","2103",,,
"latency_perprobe","endpoint","claude","c","GET","401","379","122","96","301",,,
"latency_perprobe","endpoint","gpt","v","GET","ERR","144","522","1","6",,,
"latency_perprobe","endpoint","gemini","v","HEAD","200","71","193","170","543",,,
"latency_perprobe","endpoint","mistral","c","HEAD","200","49","217","208","580",,,
"latency_perprobe","endpoint","mistral","c","GET","405","23","80","77","147",,,
"latency_perprobe","endpoint","gpt","t","GET","502","2","468","102","835",,,
"latency_perprobe","endpoint","mistral","v","HEAD","404","406","244","133","637",,,
"latency_perprobe","endpoint","gpt","c","GET","400","11","146","49","683",,,
"latency_perprobe","endpoint","gpt","t","HEAD","404","268","172","114","760",,,
"latency_perprobe","endpoint","mistral","v","GET","200","58","177","102","548",,,
"latency_perprobe","endpoint","gpt","t","HEAD","403","81","241","238","358",,,
"latency_perprobe","endpoint","gpt","v","GET","404","266","130","100","278",,,
"latency_perprobe","endpoint","deepseek","t","HEAD","503","1","580","580","580",,,
"latency_perprobe","endpoint","gpt","c","HEAD","406","20","656","278","1217",,,
"latency_perprobe","endpoint","mistral","c","HEAD","401","243","177","115","553",,,
"latency_perprobe","endpoint","claude","v","GET","503","15","75","73","110",,,
"latency_perprobe","endpoint","claude","t","HEAD","302","4","668","590","923",,,
"latency_perprobe","endpoint","mistral","c","HEAD","406","8","272","272","285",,,
"latency_perprobe","endpoint","deepseek","t","OPTIONS","ERR","789","1","1","1",,,
"latency_perprobe","endpoint","deepseek","t","GET","405","35","129","112","199",,,
"latency_perprobe","endpoint","deepseek","v","GET","ERR","186","1701","1","15010",,,
"latency_perprobe","endpoint","gemini","v","GET","503","3","211","211","218",,,
"latency_perprobe","endpoint","mistral","v","HEAD","ERR","176","1368","34","15009",,,
"latency_perprobe","endpoint","mistral","v","GET","401","290","112","91","264",,,
"latency_perprobe","endpoint","claude","c","GET","400","29","100","89","189",,,
"latency_perprobe","endpoint","deepseek","c","GET","404","194","140","113","264",,,
"latency_perprobe","endpoint","gemini","c","GET","404","130","145","110","325",,,
"latency_perprobe","endpoint","gpt","t","HEAD","405","120","308","192","1052",,,
"latency_perprobe","endpoint","gemini","v","GET","404","190","127","109","279",,,
"latency_perprobe","endpoint","mistral","t","GET","403","44","203","203","318",,,
"latency_perprobe","endpoint","gpt","v","HEAD","406","42","270","267","289",,,
"latency_perprobe","endpoint","deepseek","c","GET","200","63","307","92","1063",,,
"latency_perprobe","endpoint","deepseek","c","GET","429","14","36","36","44",,,
"latency_perprobe","endpoint","mistral","c","GET","401","340","121","103","246",,,
"latency_perprobe","endpoint","gpt","c","GET","404","219","167","113","278",,,
"latency_perprobe","endpoint","gemini","t","OPTIONS","ERR","745","1","1","1",,,
"latency_perprobe","endpoint","gemini","c","HEAD","403","39","265","272","407",,,
"latency_perprobe","endpoint","gpt","c","GET","500","2","206","202","211",,,
"latency_perprobe","endpoint","gpt","t","OPTIONS","ERR","1112","0","0","1",,,
"latency_perprobe","endpoint","gpt","c","GET","429","31","39","34","82",,,
"latency_perprobe","endpoint","claude","v","HEAD","429","50","44","38","81",,,
"latency_perprobe","endpoint","deepseek","c","GET","403","39","306","238","715",,,
"latency_perprobe","endpoint","gemini","t","GET","401","330","122","97","314",,,
"latency_perprobe","endpoint","mistral","t","GET","405","12","107","107","135",,,
"latency_perprobe","endpoint","gemini","c","GET","405","11","101","96","128",,,
"latency_perprobe","endpoint","claude","v","GET","429","70","44","35","109",,,
"latency_perprobe","endpoint","claude","v","GET","403","45","202","207","425",,,
"latency_perprobe","endpoint","mistral","c","HEAD","400","38","286","195","808",,,
"latency_perprobe","endpoint","mistral","c","GET","429","37","176","41","490",,,
"latency_perprobe","endpoint","claude","v","HEAD","200","81","270","114","868",,,
"latency_perprobe","endpoint","gemini","t","GET","ERR","105","2002","1","15011",,,
"latency_perprobe","endpoint","claude","t","HEAD","406","20","321","268","314",,,
"latency_perprobe","endpoint","deepseek","v","GET","502","4","144","132","170",,,
"latency_perprobe","endpoint","claude","t","HEAD","403","59","263","270","491",,,
"latency_perprobe","endpoint","gpt","c","HEAD","530","27","114","34","478",,,
"latency_perprobe","endpoint","mistral","c","GET","ERR","161","605","1","2189",,,
"latency_perprobe","endpoint","gpt","v","HEAD","502","1","191","191","191",,,
"latency_perprobe","endpoint","mistral","v","GET","400","28","77","61","163",,,
"latency_perprobe","endpoint","gemini","c","GET","400","24","61","45","136",,,
"latency_perprobe","endpoint","mistral","c","HEAD","429","17","857","1005","1402",,,
"latency_perprobe","endpoint","deepseek","c","GET","502","1","187","187","187",,,
"latency_perprobe","endpoint","gpt","v","GET","500","2","203","200","206",,,
"latency_perprobe","endpoint","deepseek","c","HEAD","200","49","165","90","608",,,
"latency_perprobe","endpoint","gpt","c","HEAD","401","401","245","174","714",,,
"latency_perprobe","endpoint","deepseek","v","OPTIONS","ERR","1122","1","0","1",,,
"latency_perprobe","endpoint","deepseek","c","HEAD","405","113","320","143","852",,,
"latency_perprobe","endpoint","claude","v","HEAD","404","444","150","103","445",,,
"latency_perprobe","endpoint","claude","c","HEAD","404","317","199","109","816",,,
"latency_perprobe","endpoint","claude","c","HEAD","500","6","198","185","231",,,
"latency_perprobe","endpoint","gemini","v","GET","429","45","40","34","66",,,
"latency_perprobe","endpoint","gemini","c","HEAD","404","239","253","157","909",,,
"latency_perprobe","endpoint","claude","c","HEAD","200","85","235","247","490",,,
"latency_perprobe","endpoint","deepseek","t","HEAD","404","205","129","101","325",,,
"latency_perprobe","endpoint","claude","t","GET","200","74","242","89","538",,,
"latency_perprobe","endpoint","deepseek","v","GET","503","1","203","203","203",,,
"latency_perprobe","endpoint","mistral","c","HEAD","ERR","158","607","1","289",,,
"latency_perprobe","endpoint","gpt","t","GET","404","170","124","114","220",,,
"latency_perprobe","endpoint","gemini","t","GET","405","10","107","98","146",,,
"latency_perprobe","endpoint","gemini","t","HEAD","403","45","255","260","368",,,
"latency_perprobe","endpoint","claude","t","GET","404","251","125","104","245",,,
"latency_perprobe","endpoint","deepseek","v","HEAD","200","63","141","93","292",,,
"latency_perprobe","endpoint","gemini","t","GET","200","82","227","102","436",,,
"latency_perprobe","endpoint","claude","t","GET","502","1","754","754","754",,,
"latency_perprobe","endpoint","gemini","c","GET","ERR","124","8880","15006","15017",,,
"latency_perprobe","endpoint","mistral","t","GET","302","10","659","647","744",,,
"latency_perprobe","endpoint","mistral","c","HEAD","500","19","254","233","725",,,
"latency_perprobe","endpoint","deepseek","c","HEAD","404","252","230","134","888",,,
"latency_perprobe","endpoint","deepseek","v","HEAD","403","84","248","229","568",,,
"latency_perprobe","endpoint","gemini","c","HEAD","405","55","111","88","347",,,
"latency_perprobe","endpoint","mistral","c","GET","200","55","178","158","507",,,
"latency_perprobe","endpoint","gpt","t","GET","200","84","157","176","322",,,
"latency_perprobe","endpoint","mistral","v","GET","500","13","134","64","957",,,
"latency_perprobe","endpoint","mistral","v","GET","429","13","45","41","100",,,
"latency_perprobe","endpoint","gpt","c","GET","530","27","33","30","48",,,
"latency_perprobe","endpoint","claude","t","HEAD","596","2","308","297","319",,,
"latency_perprobe","endpoint","gpt","v","GET","200","83","264","187","1249",,,
"latency_perprobe","endpoint","gpt","v","HEAD","302","10","932","817","1309",,,
"latency_perprobe","endpoint","claude","v","GET","405","51","97","90","151",,,
"latency_perprobe","endpoint","deepseek","c","HEAD","401","180","150","100","396",,,
"latency_perprobe","endpoint","gemini","v","HEAD","405","74","178","87","970",,,
"latency_perprobe","endpoint","claude","v","GET","200","94","206","108","714",,,
"latency_perprobe","endpoint","claude","t","HEAD","500","6","66","41","144",,,
"latency_perprobe","endpoint","gemini","t","HEAD","405","49","120","90","370",,,
"latency_perprobe","endpoint","mistral","v","GET","403","60","217","220","368",,,
"latency_perprobe","endpoint","gemini","v","GET","405","22","392","111","2149",,,
"latency_perprobe","endpoint","claude","c","HEAD","400","18","254","194","799",,,
"latency_perprobe","endpoint","gpt","v","HEAD","ERR","143","445","1","156",,,
"latency_perprobe","endpoint","gpt","v","OPTIONS","ERR","1246","0","0","1",,,
"latency_perprobe","endpoint","gpt","v","GET","405","45","104","99","207",,,
"latency_perprobe","endpoint","deepseek","c","HEAD","429","3","28","28","31",,,
"latency_perprobe","endpoint","gemini","t","HEAD","503","2","483","284","682",,,
"latency_perprobe","endpoint","claude","v","HEAD","596","2","296","290","303",,,
"latency_perprobe","endpoint","mistral","v","HEAD","429","3","52","31","95",,,
"latency_perprobe","endpoint","gpt","t","GET","400","65","160","106","431",,,
"latency_perprobe","endpoint","claude","c","OPTIONS","ERR","925","1","1","1",,,
"latency_perprobe","endpoint","mistral","c","GET","403","20","201","205","332",,,
"http_status_count","endpoint","mistral","v","HEAD","400","23",,,,,,
"http_status_count","endpoint","deepseek","v","HEAD","503","1",,,,,,
"http_status_count","endpoint","gpt","t","HEAD","500","18",,,,,,
"http_status_count","endpoint","deepseek","c","GET","405","54",,,,,,
"http_status_count","endpoint","gemini","t","HEAD","429","4",,,,,,
"http_status_count","endpoint","gpt","v","HEAD","200","73",,,,,,
"http_status_count","endpoint","deepseek","t","GET","ERR","117",,,,,,
"http_status_count","endpoint","claude","v","GET","401","528",,,,,,
"http_status_count","endpoint","gpt","v","GET","302","10",,,,,,
"http_status_count","endpoint","deepseek","t","HEAD","401","199",,,,,,
"http_status_count","endpoint","deepseek","c","GET","308","4",,,,,,
"http_status_count","endpoint","gemini","v","GET","401","346",,,,,,
"http_status_count","endpoint","claude","t","HEAD","401","372",,,,,,
"http_status_count","endpoint","mistral","v","HEAD","401","176",,,,,,
"http_status_count","endpoint","mistral","v","GET","503","10",,,,,,
"http_status_count","endpoint","gpt","c","GET","405","32",,,,,,
"http_status_count","endpoint","mistral","c","GET","400","40",,,,,,
"http_status_count","endpoint","gemini","c","GET","401","349",,,,,,
"http_status_count","endpoint","gpt","v","GET","401","533",,,,,,
"http_status_count","endpoint","gemini","v","GET","415","6",,,,,,
"http_status_count","endpoint","gpt","t","GET","403","51",,,,,,
"http_status_count","endpoint","claude","c","HEAD","596","2",,,,,,
"http_status_count","endpoint","gpt","c","HEAD","403","50",,,,,,
"http_status_count","endpoint","claude","t","GET","401","551",,,,,,
"http_status_count","endpoint","mistral","t","GET","404","285",,,,,,
"http_status_count","endpoint","gpt","t","GET","500","2",,,,,,
"http_status_count","endpoint","deepseek","c","HEAD","406","8",,,,,,
"http_status_count","endpoint","gemini","c","GET","403","17",,,,,,
"http_status_count","endpoint","deepseek","v","HEAD","406","32",,,,,,
"http_status_count","endpoint","gpt","v","HEAD","401","378",,,,,,
"http_status_count","endpoint","gpt","c","GET","ERR","59",,,,,,
"http_status_count","endpoint","claude","v","HEAD","500","6",,,,,,
"http_status_count","endpoint","deepseek","t","HEAD","406","16",,,,,,
"http_status_count","endpoint","mistral","t","HEAD","429","24",,,,,,
"http_status_count","endpoint","claude","c","HEAD","503","8",,,,,,
"http_status_count","endpoint","mistral","v","HEAD","500","13",,,,,,
"http_status_count","endpoint","deepseek","v","GET","400","51",,,,,,
"http_status_count","endpoint","claude","c","GET","405","31",,,,,,
"http_status_count","endpoint","gpt","c","HEAD","400","10",,,,,,
"http_status_count","endpoint","claude","v","HEAD","302","4",,,,,,
"http_status_count","endpoint","gpt","t","HEAD","400","45",,,,,,
"http_status_count","endpoint","gpt","c","GET","200","58",,,,,,
"http_status_count","endpoint","gemini","v","HEAD","415","6",,,,,,
"http_status_count","endpoint","deepseek","v","HEAD","ERR","186",,,,,,
"http_status_count","endpoint","mistral","v","HEAD","302","22",,,,,,
"http_status_count","endpoint","gemini","c","HEAD","400","9",,,,,,
"http_status_count","endpoint","deepseek","v","HEAD","405","105",,,,,,
"http_status_count","endpoint","claude","c","HEAD","ERR","107",,,,,,
"http_status_count","endpoint","gemini","v","HEAD","503","3",,,,,,
"http_status_count","endpoint","mistral","c","GET","500","13",,,,,,
"http_status_count","endpoint","mistral","t","HEAD","500","13",,,,,,
"http_status_count","endpoint","gpt","v","HEAD","400","49",,,,,,
"http_status_count","endpoint","deepseek","v","HEAD","308","4",,,,,,
"http_status_count","endpoint","claude","t","GET","405","34",,,,,,
"http_status_count","endpoint","mistral","t","GET","200","74",,,,,,
"http_status_count","endpoint","deepseek","t","GET","401","322",,,,,,
"http_status_count","endpoint","deepseek","v","GET","200","74",,,,,,
"http_status_count","endpoint","mistral","v","OPTIONS","ERR","1031",,,,,,
"http_status_count","endpoint","deepseek","t","HEAD","500","4",,,,,,
"http_status_count","endpoint","gemini","t","HEAD","ERR","105",,,,,,
"http_status_count","endpoint","claude","v","HEAD","401","344",,,,,,
"http_status_count","endpoint","gemini","v","HEAD","ERR","182",,,,,,
"http_status_count","endpoint","gpt","t","HEAD","401","327",,,,,,
"http_status_count","endpoint","gemini","c","HEAD","500","8",,,,,,
"http_status_count","endpoint","gpt","c","HEAD","429","9",,,,,,
"http_status_count","endpoint","mistral","v","HEAD","200","43",,,,,,
"http_status_count","endpoint","claude","c","HEAD","403","37",,,,,,
"http_status_count","endpoint","deepseek","t","GET","429","15",,,,,,
"http_status_count","endpoint","gpt","c","HEAD","500","2",,,,,,
"http_status_count","endpoint","mistral","c","HEAD","404","227",,,,,,
"http_status_count","endpoint","claude","c","GET","200","97",,,,,,
"http_status_count","endpoint","mistral","t","HEAD","422","5",,,,,,
"http_status_count","endpoint","claude","v","GET","404","304",,,,,,
"http_status_count","endpoint","deepseek","c","HEAD","400","34",,,,,,
"http_status_count","endpoint","mistral","v","GET","404","341",,,,,,
"http_status_count","endpoint","deepseek","v","GET","404","252",,,,,,
"http_status_count","endpoint","gemini","c","HEAD","ERR","124",,,,,,
"http_status_count","endpoint","gemini","v","HEAD","403","79",,,,,,
"http_status_count","endpoint","gpt","t","GET","405","54",,,,,,
"http_status_count","endpoint","deepseek","c","GET","ERR","81",,,,,,
"http_status_count","endpoint","mistral","v","GET","308","4",,,,,,
"http_status_count","endpoint","deepseek","c","HEAD","302","4",,,,,,
"http_status_count","endpoint","mistral","t","HEAD","401","193",,,,,,
"http_status_count","endpoint","claude","v","HEAD","400","10",,,,,,
"http_status_count","endpoint","gpt","v","HEAD","500","2",,,,,,
"http_status_count","endpoint","claude","t","HEAD","200","55",,,,,,
"http_status_count","endpoint","mistral","c","HEAD","403","32",,,,,,
"http_status_count","endpoint","claude","t","OPTIONS","ERR","1212",,,,,,
"http_status_count","endpoint","deepseek","t","HEAD","400","21",,,,,,
"http_status_count","endpoint","mistral","v","HEAD","403","82",,,,,,
"http_status_count","endpoint","claude","v","HEAD","ERR","124",,,,,,
"http_status_count","endpoint","mistral","v","GET","302","22",,,,,,
"http_status_count","endpoint","gemini","t","GET","403","16",,,,,,
"http_status_count","endpoint","gpt","v","GET","403","65",,,,,,
"http_status_count","endpoint","gpt","t","GET","429","27",,,,,,
"http_status_count","endpoint","deepseek","c","HEAD","308","4",,,,,,
"http_status_count","endpoint","gpt","c","HEAD","200","53",,,,,,
"http_status_count","endpoint","mistral","t","HEAD","405","55",,,,,,
"http_status_count","endpoint","claude","t","HEAD","ERR","167",,,,,,
"http_status_count","endpoint","gpt","t","HEAD","429","9",,,,,,
"http_status_count","endpoint","deepseek","v","GET","429","26",,,,,,
"http_status_count","endpoint","gpt","v","HEAD","403","82",,,,,,
"http_status_count","endpoint","gemini","c","GET","200","71",,,,,,
"http_status_count","endpoint","deepseek","v","HEAD","404","317",,,,,,
"http_status_count","endpoint","gpt","t","HEAD","302","4",,,,,,
"http_status_count","endpoint","mistral","t","GET","ERR","172",,,,,,
"http_status_count","endpoint","claude","t","HEAD","405","135",,,,,,
"http_status_count","endpoint","gpt","c","GET","401","492",,,,,,
"http_status_count","endpoint","claude","c","HEAD","302","4",,,,,,
"http_status_count","endpoint","gemini","c","OPTIONS","ERR","809",,,,,,
"http_status_count","endpoint","gemini","v","GET","400","33",,,,,,
"http_status_count","endpoint","gemini","v","HEAD","429","12",,,,,,
"http_status_count","endpoint","gemini","c","HEAD","401","270",,,,,,
"http_status_count","endpoint","gemini","t","HEAD","400","4",,,,,,
"http_status_count","endpoint","mistral","c","OPTIONS","ERR","844",,,,,,
"http_status_count","endpoint","deepseek","t","GET","502","3",,,,,,
"http_status_count","endpoint","mistral","t","HEAD","302","10",,,,,,
"http_status_count","endpoint","claude","t","HEAD","429","18",,,,,,
"http_status_count","endpoint","claude","t","HEAD","404","358",,,,,,
"http_status_count","endpoint","mistral","v","HEAD","503","10",,,,,,
"http_status_count","endpoint","claude","c","GET","ERR","110",,,,,,
"http_status_count","endpoint","mistral","t","GET","500","13",,,,,,
"http_status_count","endpoint","gemini","v","GET","200","89",,,,,,
"http_status_count","endpoint","claude","c","GET","404","220",,,,,,
"http_status_count","endpoint","claude","c","GET","503","8",,,,,,
"http_status_count","endpoint","gemini","c","HEAD","302","5",,,,,,
"http_status_count","endpoint","gemini","t","GET","503","1",,,,,,
"http_status_count","endpoint","deepseek","c","GET","400","46",,,,,,
"http_status_count","endpoint","gpt","v","GET","503","7",,,,,,
"http_status_count","endpoint","deepseek","t","GET","403","36",,,,,,
"http_status_count","endpoint","gemini","v","OPTIONS","ERR","983",,,,,,
"http_status_count","endpoint","gpt","c","HEAD","ERR","59",,,,,,
"http_status_count","endpoint","deepseek","v","HEAD","401","232",,,,,,
"http_status_count","endpoint","gpt","v","GET","429","35",,,,,,
"http_status_count","endpoint","mistral","t","GET","429","25",,,,,,
"http_status_count","endpoint","gemini","v","GET","308","4",,,,,,
"http_status_count","endpoint","gemini","c","GET","429","83",,,,,,
"http_status_count","endpoint","gemini","v","GET","202","2",,,,,,
"http_status_count","endpoint","claude","c","HEAD","401","261",,,,,,
"http_status_count","endpoint","gpt","t","GET","ERR","182",,,,,,
"http_status_count","endpoint","deepseek","c","OPTIONS","ERR","777",,,,,,
"http_status_count","endpoint","gemini","t","HEAD","404","209",,,,,,
"http_status_count","endpoint","mistral","t","HEAD","403","70",,,,,,
"http_status_count","endpoint","gpt","c","OPTIONS","ERR","977",,,,,,
"http_status_count","endpoint","gemini","t","HEAD","500","2",,,,,,
"http_status_count","endpoint","claude","c","HEAD","429","5",,,,,,
"http_status_count","endpoint","gemini","t","HEAD","401","258",,,,,,
"http_status_count","endpoint","deepseek","t","GET","400","30",,,,,,
"http_status_count","endpoint","mistral","c","GET","404","155",,,,,,
"http_status_count","endpoint","gemini","v","HEAD","401","239",,,,,,
"http_status_count","endpoint","gemini","v","HEAD","404","285",,,,,,
"http_status_count","endpoint","gpt","c","HEAD","405","88",,,,,,
"http_status_count","endpoint","gemini","t","HEAD","200","67",,,,,,
"http_status_count","endpoint","claude","c","GET","403","25",,,,,,
"http_status_count","endpoint","mistral","t","GET","422","5",,,,,,
"http_status_count","endpoint","mistral","t","GET","400","36",,,,,,
"http_status_count","endpoint","mistral","c","HEAD","405","53",,,,,,
"http_status_count","endpoint","mistral","v","GET","ERR","179",,,,,,
"http_status_count","endpoint","deepseek","c","HEAD","403","49",,,,,,
"http_status_count","endpoint","mistral","t","OPTIONS","ERR","996",,,,,,
"http_status_count","endpoint","deepseek","v","GET","403","62",,,,,,
"http_status_count","endpoint","mistral","v","GET","405","13",,,,,,
"http_status_count","endpoint","deepseek","v","GET","405","42",,,,,,
"http_status_count","endpoint","claude","v","GET","500","2",,,,,,
"http_status_count","endpoint","gemini","c","HEAD","429","3",,,,,,
"http_status_count","endpoint","gpt","c","HEAD","404","258",,,,,,
"http_status_count","endpoint","deepseek","t","GET","404","164",,,,,,
"http_status_count","endpoint","gpt","v","HEAD","405","95",,,,,,
"http_status_count","endpoint","claude","t","GET","400","40",,,,,,
"http_status_count","endpoint","gemini","v","GET","403","58",,,,,,
"http_status_count","endpoint","deepseek","c","HEAD","ERR","81",,,,,,
"http_status_count","endpoint","gpt","c","GET","403","46",,,,,,
"http_status_count","endpoint","deepseek","t","GET","200","66",,,,,,
"http_status_count","endpoint","gpt","t","HEAD","ERR","178",,,,,,
"http_status_count","endpoint","gemini","v","GET","ERR","185",,,,,,
"http_status_count","endpoint","gemini","t","GET","400","6",,,,,,
"http_status_count","endpoint","mistral","t","HEAD","ERR","146",,,,,,
"http_status_count","endpoint","claude","t","GET","429","61",,,,,,
"http_status_count","endpoint","gpt","t","GET","401","475",,,,,,
"http_status_count","endpoint","gemini","v","HEAD","308","4",,,,,,
"http_status_count","endpoint","gemini","v","HEAD","400","26",,,,,,
"http_status_count","endpoint","claude","t","GET","403","30",,,,,,
"http_status_count","endpoint","gemini","v","HEAD","202","2",,,,,,
"http_status_count","endpoint","mistral","t","HEAD","404","411",,,,,,
"http_status_count","endpoint","claude","v","HEAD","503","15",,,,,,
"http_status_count","endpoint","deepseek","v","GET","302","31",,,,,,
"http_status_count","endpoint","mistral","t","GET","401","320",,,,,,
"http_status_count","endpoint","claude","v","OPTIONS","ERR","1256",,,,,,
"http_status_count","endpoint","deepseek","v","HEAD","400","48",,,,,,
"http_status_count","endpoint","gpt","v","HEAD","404","349",,,,,,
"http_status_count","endpoint","gemini","t","GET","429","65",,,,,,
"http_status_count","endpoint","gpt","v","HEAD","429","15",,,,,,
"http_status_count","endpoint","mistral","t","HEAD","200","47",,,,,,
"http_status_count","endpoint","deepseek","t","HEAD","403","73",,,,,,
"http_status_count","endpoint","deepseek","v","GET","401","389",,,,,,
"http_status_count","endpoint","deepseek","v","HEAD","500","12",,,,,,
"http_status_count","endpoint","mistral","t","HEAD","400","22",,,,,,
"http_status_count","endpoint","deepseek","v","HEAD","429","7",,,,,,
"http_status_count","endpoint","deepseek","v","HEAD","302","31",,,,,,
"http_status_count","endpoint","deepseek","c","GET","401","281",,,,,,
"http_status_count","endpoint","claude","v","GET","400","21",,,,,,
"http_status_count","endpoint","deepseek","v","GET","308","4",,,,,,
"http_status_count","endpoint","deepseek","t","GET","503","1",,,,,,
"http_status_count","endpoint","claude","v","HEAD","405","115",,,,,,
"http_status_count","endpoint","deepseek","t","HEAD","405","100",,,,,,
"http_status_count","endpoint","deepseek","t","HEAD","ERR","117",,,,,,
"http_status_count","endpoint","mistral","v","HEAD","308","4",,,,,,
"http_status_count","endpoint","claude","c","GET","429","26",,,,,,
"http_status_count","endpoint","gpt","v","GET","400","52",,,,,,
"http_status_count","endpoint","gemini","t","GET","404","130",,,,,,
"http_status_count","endpoint","gpt","v","HEAD","503","7",,,,,,
"http_status_count","endpoint","gpt","v","GET","502","4",,,,,,
"http_status_count","endpoint","gemini","c","HEAD","200","57",,,,,,
"http_status_count","endpoint","claude","v","HEAD","403","61",,,,,,
"http_status_count","endpoint","mistral","v","HEAD","405","73",,,,,,
"http_status_count","endpoint","gpt","t","HEAD","200","62",,,,,,
"http_status_count","endpoint","claude","c","HEAD","405","75",,,,,,
"http_status_count","endpoint","claude","v","GET","ERR","126",,,,,,
"http_status_count","endpoint","claude","t","HEAD","400","16",,,,,,
"http_status_count","endpoint","deepseek","t","HEAD","200","53",,,,,,
"http_status_count","endpoint","claude","t","GET","ERR","170",,,,,,
"http_status_count","endpoint","claude","c","GET","401","379",,,,,,
"http_status_count","endpoint","gpt","v","GET","ERR","144",,,,,,
"http_status_count","endpoint","gemini","v","HEAD","200","71",,,,,,
"http_status_count","endpoint","mistral","c","HEAD","200","49",,,,,,
"http_status_count","endpoint","mistral","c","GET","405","23",,,,,,
"http_status_count","endpoint","gpt","t","GET","502","2",,,,,,
"http_status_count","endpoint","mistral","v","HEAD","404","406",,,,,,
"http_status_count","endpoint","gpt","c","GET","400","11",,,,,,
"http_status_count","endpoint","gpt","t","HEAD","404","268",,,,,,
"http_status_count","endpoint","mistral","v","GET","200","58",,,,,,
"http_status_count","endpoint","gpt","t","HEAD","403","81",,,,,,
"http_status_count","endpoint","gpt","v","GET","404","266",,,,,,
"http_status_count","endpoint","deepseek","t","HEAD","503","1",,,,,,
"http_status_count","endpoint","gpt","c","HEAD","406","20",,,,,,
"http_status_count","endpoint","mistral","c","HEAD","401","243",,,,,,
"http_status_count","endpoint","claude","v","GET","503","15",,,,,,
"http_status_count","endpoint","claude","t","HEAD","302","4",,,,,,
"http_status_count","endpoint","mistral","c","HEAD","406","8",,,,,,
"http_status_count","endpoint","deepseek","t","OPTIONS","ERR","789",,,,,,
"http_status_count","endpoint","deepseek","t","GET","405","35",,,,,,
"http_status_count","endpoint","deepseek","v","GET","ERR","186",,,,,,
"http_status_count","endpoint","gemini","v","GET","503","3",,,,,,
"http_status_count","endpoint","mistral","v","HEAD","ERR","176",,,,,,
"http_status_count","endpoint","mistral","v","GET","401","290",,,,,,
"http_status_count","endpoint","claude","c","GET","400","29",,,,,,
"http_status_count","endpoint","deepseek","c","GET","404","194",,,,,,
"http_status_count","endpoint","gemini","c","GET","404","130",,,,,,
"http_status_count","endpoint","gpt","t","HEAD","405","120",,,,,,
"http_status_count","endpoint","gemini","v","GET","404","190",,,,,,
"http_status_count","endpoint","mistral","t","GET","403","44",,,,,,
"http_status_count","endpoint","gpt","v","HEAD","406","42",,,,,,
"http_status_count","endpoint","deepseek","c","GET","200","63",,,,,,
"http_status_count","endpoint","deepseek","c","GET","429","14",,,,,,
"http_status_count","endpoint","mistral","c","GET","401","340",,,,,,
"http_status_count","endpoint","gpt","c","GET","404","219",,,,,,
"http_status_count","endpoint","gemini","t","OPTIONS","ERR","745",,,,,,
"http_status_count","endpoint","gemini","c","HEAD","403","39",,,,,,
"http_status_count","endpoint","gpt","c","GET","500","2",,,,,,
"http_status_count","endpoint","gpt","t","OPTIONS","ERR","1112",,,,,,
"http_status_count","endpoint","gpt","c","GET","429","31",,,,,,
"http_status_count","endpoint","claude","v","HEAD","429","50",,,,,,
"http_status_count","endpoint","deepseek","c","GET","403","39",,,,,,
"http_status_count","endpoint","gemini","t","GET","401","330",,,,,,
"http_status_count","endpoint","mistral","t","GET","405","12",,,,,,
"http_status_count","endpoint","gemini","c","GET","405","11",,,,,,
"http_status_count","endpoint","claude","v","GET","429","70",,,,,,
"http_status_count","endpoint","claude","v","GET","403","45",,,,,,
"http_status_count","endpoint","mistral","c","HEAD","400","38",,,,,,
"http_status_count","endpoint","mistral","c","GET","429","37",,,,,,
"http_status_count","endpoint","claude","v","HEAD","200","81",,,,,,
"http_status_count","endpoint","gemini","t","GET","ERR","105",,,,,,
"http_status_count","endpoint","claude","t","HEAD","406","20",,,,,,
"http_status_count","endpoint","deepseek","v","GET","502","4",,,,,,
"http_status_count","endpoint","claude","t","HEAD","403","59",,,,,,
"http_status_count","endpoint","gpt","c","HEAD","530","27",,,,,,
"http_status_count","endpoint","mistral","c","GET","ERR","161",,,,,,
"http_status_count","endpoint","gpt","v","HEAD","502","1",,,,,,
"http_status_count","endpoint","mistral","v","GET","400","28",,,,,,
"http_status_count","endpoint","gemini","c","GET","400","24",,,,,,
"http_status_count","endpoint","mistral","c","HEAD","429","17",,,,,,
"http_status_count","endpoint","deepseek","c","GET","502","1",,,,,,
"http_status_count","endpoint","gpt","v","GET","500","2",,,,,,
"http_status_count","endpoint","deepseek","c","HEAD","200","49",,,,,,
"http_status_count","endpoint","gpt","c","HEAD","401","401",,,,,,
"http_status_count","endpoint","deepseek","v","OPTIONS","ERR","1122",,,,,,
"http_status_count","endpoint","deepseek","c","HEAD","405","113",,,,,,
"http_status_count","endpoint","claude","v","HEAD","404","444",,,,,,
"http_status_count","endpoint","claude","c","HEAD","404","317",,,,,,
"http_status_count","endpoint","claude","c","HEAD","500","6",,,,,,
"http_status_count","endpoint","gemini","v","GET","429","45",,,,,,
"http_status_count","endpoint","gemini","c","HEAD","404","239",,,,,,
"http_status_count","endpoint","claude","c","HEAD","200","85",,,,,,
"http_status_count","endpoint","deepseek","t","HEAD","404","205",,,,,,
"http_status_count","endpoint","claude","t","GET","200","74",,,,,,
"http_status_count","endpoint","deepseek","v","GET","503","1",,,,,,
"http_status_count","endpoint","mistral","c","HEAD","ERR","158",,,,,,
"http_status_count","endpoint","gpt","t","GET","404","170",,,,,,
"http_status_count","endpoint","gemini","t","GET","405","10",,,,,,
"http_status_count","endpoint","gemini","t","HEAD","403","45",,,,,,
"http_status_count","endpoint","claude","t","GET","404","251",,,,,,
"http_status_count","endpoint","deepseek","v","HEAD","200","63",,,,,,
"http_status_count","endpoint","gemini","t","GET","200","82",,,,,,
"http_status_count","endpoint","claude","t","GET","502","1",,,,,,
"http_status_count","endpoint","gemini","c","GET","ERR","124",,,,,,
"http_status_count","endpoint","mistral","t","GET","302","10",,,,,,
"http_status_count","endpoint","mistral","c","HEAD","500","19",,,,,,
"http_status_count","endpoint","deepseek","c","HEAD","404","252",,,,,,
"http_status_count","endpoint","deepseek","v","HEAD","403","84",,,,,,
"http_status_count","endpoint","gemini","c","HEAD","405","55",,,,,,
"http_status_count","endpoint","mistral","c","GET","200","55",,,,,,
"http_status_count","endpoint","gpt","t","GET","200","84",,,,,,
"http_status_count","endpoint","mistral","v","GET","500","13",,,,,,
"http_status_count","endpoint","mistral","v","GET","429","13",,,,,,
"http_status_count","endpoint","gpt","c","GET","530","27",,,,,,
"http_status_count","endpoint","claude","t","HEAD","596","2",,,,,,
"http_status_count","endpoint","gpt","v","GET","200","83",,,,,,
"http_status_count","endpoint","gpt","v","HEAD","302","10",,,,,,
"http_status_count","endpoint","claude","v","GET","405","51",,,,,,
"http_status_count","endpoint","deepseek","c","HEAD","401","180",,,,,,
"http_status_count","endpoint","gemini","v","HEAD","405","74",,,,,,
"http_status_count","endpoint","claude","v","GET","200","94",,,,,,
"http_status_count","endpoint","claude","t","HEAD","500","6",,,,,,
"http_status_count","endpoint","gemini","t","HEAD","405","49",,,,,,
"http_status_count","endpoint","mistral","v","GET","403","60",,,,,,
"http_status_count","endpoint","gemini","v","GET","405","22",,,,,,
"http_status_count","endpoint","claude","c","HEAD","400","18",,,,,,
"http_status_count","endpoint","gpt","v","HEAD","ERR","143",,,,,,
"http_status_count","endpoint","gpt","v","OPTIONS","ERR","1246",,,,,,
"http_status_count","endpoint","gpt","v","GET","405","45",,,,,,
"http_status_count","endpoint","deepseek","c","HEAD","429","3",,,,,,
"http_status_count","endpoint","gemini","t","HEAD","503","2",,,,,,
"http_status_count","endpoint","claude","v","HEAD","596","2",,,,,,
"http_status_count","endpoint","mistral","v","HEAD","429","3",,,,,,
"http_status_count","endpoint","gpt","t","GET","400","65",,,,,,
"http_status_count","endpoint","claude","c","OPTIONS","ERR","925",,,,,,
"http_status_count","endpoint","mistral","c","GET","403","20",,,,,,
